"interaction","name","selected","shared interaction","shared name","stringdb::coexpression","stringdb::cooccurrence","stringdb::databases","stringdb::experiments","stringdb::interspecies","stringdb::neighborhood","stringdb::score","stringdb::textmining"
"pp","C4A (pp) CFB","false","pp","C4A (pp) CFB","0.31",,"0.9","0.063",,,"0.976","0.677"
"pp","RPL37A (pp) RPS10","false","pp","RPL37A (pp) RPS10","0.907",,"0.9","0.991",,,"0.999","0.437"
"pp","RPL37A (pp) RPS5","false","pp","RPL37A (pp) RPS5","0.952",,"0.9","0.991",,,"0.999","0.356"
"pp","RPL37A (pp) RPS19","false","pp","RPL37A (pp) RPS19","0.972",,"0.9","0.992",,,"0.999","0.502"
"pp","RPL37A (pp) RPL27","false","pp","RPL37A (pp) RPL27","0.984",,"0.9","0.992",,,"0.999","0.48"
"pp","RPL37A (pp) RPL26","false","pp","RPL37A (pp) RPL26","0.933","0.302","0.9","0.992",,,"0.999","0.411"
"pp","RPL37A (pp) RPL28","false","pp","RPL37A (pp) RPL28","0.964",,"0.9","0.803",,,"0.999","0.507"
"pp","RPL37A (pp) RPLP0","false","pp","RPL37A (pp) RPLP0","0.975",,"0.9","0.985",,,"0.999","0.429"
"pp","RPL37A (pp) RPL30","false","pp","RPL37A (pp) RPL30","0.979","0.33","0.9","0.992",,,"0.999","0.597"
"pp","RPL37A (pp) RPL35A","false","pp","RPL37A (pp) RPL35A","0.988",,"0.9","0.96",,,"0.999","0.747"
"pp","FGB (pp) CFB","false","pp","FGB (pp) CFB","0.223",,,"0.157",,,"0.474","0.261"
"pp","FGB (pp) FGG","false","pp","FGB (pp) FGG","0.992",,"0.9","0.962",,,"0.999","0.217"
"pp","FGB (pp) F2","false","pp","FGB (pp) F2","0.615",,"0.9","0.845",,,"0.997","0.662"
"pp","FGB (pp) FGA","false","pp","FGB (pp) FGA","0.992",,"0.9","0.961",,,"0.999","0.275"
"pp","FGG (pp) CFB","false","pp","FGG (pp) CFB","0.23",,,"0.157",,,"0.526","0.328"
"pp","FGG (pp) C4A","false","pp","FGG (pp) C4A","0.162",,"0.9",,,,"0.936","0.308"
"pp","RPS5 (pp) RPS10","false","pp","RPS5 (pp) RPS10","0.996",,"0.9","0.988",,,"0.999","0.914"
"pp","ADAM17 (pp) PRKCA","false","pp","ADAM17 (pp) PRKCA",,,"0.9",,,,"0.904","0.083"
"pp","PRKCA (pp) IKBKG","false","pp","PRKCA (pp) IKBKG",,,"0.9",,,,"0.903","0.073"
"pp","RPLP0 (pp) RPS10","false","pp","RPLP0 (pp) RPS10","0.994",,"0.9","0.989",,,"0.999","0.325"
"pp","RPLP0 (pp) RPS5","false","pp","RPLP0 (pp) RPS5","0.997",,"0.9","0.992",,"0.167","0.999","0.472"
"pp","RPLP0 (pp) RPS19","false","pp","RPLP0 (pp) RPS19","0.995",,"0.9","0.986",,"0.217","0.999","0.321"
"pp","RPLP0 (pp) RPL27","false","pp","RPLP0 (pp) RPL27","0.997",,"0.9","0.986",,,"0.999","0.223"
"pp","RPLP0 (pp) RPL26","false","pp","RPLP0 (pp) RPL26","0.994",,"0.9","0.985",,"0.135","0.999","0.413"
"pp","RPLP0 (pp) RPL28","false","pp","RPLP0 (pp) RPL28","0.991",,"0.9","0.954",,,"0.999","0.285"
"pp","RPL12 (pp) RPS10","false","pp","RPL12 (pp) RPS10","0.996",,"0.9","0.991",,,"0.999","0.716"
"pp","RPL12 (pp) RPS5","false","pp","RPL12 (pp) RPS5","0.997",,"0.9","0.991",,"0.167","0.999","0.638"
"pp","RPL12 (pp) RPS19","false","pp","RPL12 (pp) RPS19","0.994",,"0.9","0.992",,"0.218","0.999","0.447"
"pp","RPL12 (pp) RPL27","false","pp","RPL12 (pp) RPL27","0.997",,"0.9","0.992",,,"0.999","0.542"
"pp","RPL12 (pp) RPL26","false","pp","RPL12 (pp) RPL26","0.994",,"0.9","0.96",,"0.135","0.999","0.665"
"pp","RPL12 (pp) RPL28","false","pp","RPL12 (pp) RPL28","0.991",,"0.9","0.799",,,"0.999","0.625"
"pp","RPL12 (pp) RPLP0","false","pp","RPL12 (pp) RPLP0","0.997",,"0.9","0.985",,"0.167","0.999","0.571"
"pp","RPL12 (pp) RPL30","false","pp","RPL12 (pp) RPL30","0.996",,"0.9","0.992",,,"0.999","0.785"
"pp","RPL12 (pp) RPL35A","false","pp","RPL12 (pp) RPL35A","0.997",,"0.9","0.992",,,"0.999","0.666"
"pp","RPL12 (pp) RPL37A","false","pp","RPL12 (pp) RPL37A","0.961",,"0.9","0.992",,,"0.999","0.63"
"pp","RPL12 (pp) RPL36A","false","pp","RPL12 (pp) RPL36A","0.78",,"0.9","0.956",,,"0.999","0.675"
"pp","RPL12 (pp) RPL9","false","pp","RPL12 (pp) RPL9","0.995",,"0.9","0.99",,"0.219","0.999","0.725"
"pp","RPL12 (pp) RPL17","false","pp","RPL12 (pp) RPL17","0.982",,"0.9","0.988",,"0.111","0.999","0.173"
"pp","RPL12 (pp) RPS18","false","pp","RPL12 (pp) RPS18","0.993",,"0.9","0.992",,"0.219","0.999","0.492"
"pp","RPL12 (pp) RPL31","false","pp","RPL12 (pp) RPL31","0.992",,"0.9","0.963",,"0.219","0.999","0.769"
"pp","RPL12 (pp) RPL14","false","pp","RPL12 (pp) RPL14","0.991",,"0.9","0.991",,,"0.999","0.666"
"pp","RPL12 (pp) RPL24","false","pp","RPL12 (pp) RPL24","0.989",,"0.9","0.992",,,"0.999","0.627"
"pp","RPL12 (pp) RPS6","false","pp","RPL12 (pp) RPS6","0.996",,"0.9","0.992",,,"0.999","0.728"
"pp","RPL12 (pp) ISG15","false","pp","RPL12 (pp) ISG15","0.174",,,"0.408",,,"0.507","0.072"
"pp","RPL12 (pp) RPL11","false","pp","RPL12 (pp) RPL11","0.996",,"0.9","0.992",,"0.219","0.999","0.813"
"pp","RPL12 (pp) RPL10A","false","pp","RPL12 (pp) RPL10A","0.997",,"0.9","0.992",,"0.167","0.999","0.737"
"pp","RPL12 (pp) RPS4X","false","pp","RPL12 (pp) RPS4X","0.997",,"0.9","0.991",,,"0.999","0.675"
"pp","RPL12 (pp) RPL7A","false","pp","RPL12 (pp) RPL7A","0.994",,"0.9","0.991",,"0.052","0.999","0.807"
"pp","RPL36A (pp) RPS10","false","pp","RPL36A (pp) RPS10","0.603",,"0.9","0.944",,,"0.998","0.393"
"pp","RPL36A (pp) RPS5","false","pp","RPL36A (pp) RPS5","0.725",,"0.9","0.956",,,"0.999","0.424"
"pp","RPL36A (pp) RPS19","false","pp","RPL36A (pp) RPS19","0.805",,"0.9","0.956",,"0.155","0.999","0.54"
"pp","RPL36A (pp) RPL27","false","pp","RPL36A (pp) RPL27","0.828",,"0.9","0.956",,,"0.999","0.415"
"pp","RPL36A (pp) RPL26","false","pp","RPL36A (pp) RPL26","0.738",,"0.9","0.956",,,"0.999","0.576"
"pp","RPL36A (pp) RPL28","false","pp","RPL36A (pp) RPL28","0.724",,"0.9","0.734",,,"0.996","0.6"
"pp","RPL36A (pp) RPLP0","false","pp","RPL36A (pp) RPLP0","0.739",,"0.9","0.956",,,"0.999","0.352"
"pp","RPL36A (pp) RPL30","false","pp","RPL36A (pp) RPL30","0.827",,"0.9","0.956",,,"0.999","0.819"
"pp","RPL36A (pp) RPL35A","false","pp","RPL36A (pp) RPL35A","0.828",,"0.9","0.956",,,"0.999","0.789"
"pp","RPL36A (pp) RPL37A","false","pp","RPL36A (pp) RPL37A","0.859",,"0.9","0.956",,,"0.999","0.568"
"pp","MAVS (pp) IKBKG","false","pp","MAVS (pp) IKBKG",,,"0.9","0.526",,,"0.986","0.745"
"pp","RPS11 (pp) RPS10","false","pp","RPS11 (pp) RPS10","0.998",,"0.9","0.991",,,"0.999","0.753"
"pp","RPS11 (pp) RPS5","false","pp","RPS11 (pp) RPS5","0.999",,"0.9","0.99",,"0.219","0.999","0.715"
"pp","RPS11 (pp) RPS19","false","pp","RPS11 (pp) RPS19","0.999",,"0.9","0.998",,,"0.999","0.705"
"pp","RPS11 (pp) RPL27","false","pp","RPS11 (pp) RPL27","0.996",,"0.9","0.992",,"0.185","0.999","0.645"
"pp","RPS11 (pp) RPL26","false","pp","RPS11 (pp) RPL26","0.996","0.246","0.9","0.992",,"0.185","0.999","0.444"
"pp","RPS11 (pp) RPL28","false","pp","RPS11 (pp) RPL28","0.993",,"0.9","0.953",,,"0.999","0.549"
"pp","RPS11 (pp) RPLP0","false","pp","RPS11 (pp) RPLP0","0.996",,"0.9","0.99",,"0.219","0.999","0.434"
"pp","RPS11 (pp) RPL30","false","pp","RPS11 (pp) RPL30","0.993",,"0.9","0.992",,,"0.999","0.852"
"pp","RPS11 (pp) RPL35A","false","pp","RPS11 (pp) RPL35A","0.997",,"0.9","0.992",,,"0.999","0.755"
"pp","RPS11 (pp) RPL37A","false","pp","RPS11 (pp) RPL37A","0.972",,"0.9","0.992",,,"0.999","0.547"
"pp","RPS11 (pp) RPL36A","false","pp","RPS11 (pp) RPL36A","0.749",,"0.9","0.956",,,"0.999","0.805"
"pp","RPS11 (pp) RPL9","false","pp","RPS11 (pp) RPL9","0.997","0.248","0.9","0.991",,"0.295","0.999","0.641"
"pp","RPS11 (pp) RPL17","false","pp","RPS11 (pp) RPL17","0.999",,"0.9","0.989",,"0.167","0.999","0.222"
"pp","RPS11 (pp) RPS18","false","pp","RPS11 (pp) RPS18","0.999",,"0.9","0.992",,"0.295","0.999","0.73"
"pp","RPS11 (pp) RPL31","false","pp","RPS11 (pp) RPL31","0.993",,"0.9","0.963",,,"0.999","0.717"
"pp","RPS11 (pp) RPL14","false","pp","RPS11 (pp) RPL14","0.994",,"0.9","0.991",,"0.185","0.999","0.768"
"pp","RPS11 (pp) RPL24","false","pp","RPS11 (pp) RPL24","0.977",,"0.9","0.992",,,"0.999","0.696"
"pp","RPS11 (pp) RPS6","false","pp","RPS11 (pp) RPS6","0.997",,"0.9","0.992",,,"0.999","0.723"
"pp","RPS11 (pp) ISG15","false","pp","RPS11 (pp) ISG15","0.168",,,"0.583",,,"0.666","0.114"
"pp","RPS11 (pp) RPL11","false","pp","RPS11 (pp) RPL11","0.997",,"0.9","0.992",,"0.295","0.999","0.728"
"pp","RPS11 (pp) RPL10A","false","pp","RPS11 (pp) RPL10A","0.999",,"0.9","0.992",,"0.219","0.999","0.34"
"pp","RPS11 (pp) RPS4X","false","pp","RPS11 (pp) RPS4X","0.997","0.289","0.9","0.998",,"0.295","0.999","0.371"
"pp","RPS11 (pp) RPL7A","false","pp","RPS11 (pp) RPL7A","0.997",,"0.9","0.992",,"0.111","0.999","0.788"
"pp","RPS11 (pp) RPL12","false","pp","RPS11 (pp) RPL12","0.996",,"0.9","0.992",,"0.219","0.999","0.599"
"pp","RPS11 (pp) RPS3A","false","pp","RPS11 (pp) RPS3A","0.999",,"0.9","0.992",,,"0.999","0.676"
"pp","RPS11 (pp) RPL21","false","pp","RPS11 (pp) RPL21","0.999",,"0.9","0.992",,,"0.999","0.36"
"pp","RPS11 (pp) RPL27A","false","pp","RPS11 (pp) RPL27A","0.995",,"0.9","0.992",,"0.219","0.999","0.536"
"pp","RPS11 (pp) RPL3","false","pp","RPS11 (pp) RPL3","0.999",,"0.9","0.991",,"0.185","0.999","0.611"
"pp","RPS11 (pp) RPS15A","false","pp","RPS11 (pp) RPS15A","0.998","0.227","0.9","0.992",,"0.219","0.999","0.675"
"pp","RPS11 (pp) RPL13","false","pp","RPS11 (pp) RPL13","0.996",,"0.9","0.992",,,"0.999","0.527"
"pp","RPS11 (pp) RPS23","false","pp","RPS11 (pp) RPS23","0.993",,"0.9","0.992",,"0.219","0.999","0.497"
"pp","JUN (pp) IKBKG","false","pp","JUN (pp) IKBKG",,,,,,,"0.464","0.464"
"pp","JUN (pp) PRKCA","false","pp","JUN (pp) PRKCA",,,,,,,"0.513","0.513"
"pp","JUN (pp) RPS6","false","pp","JUN (pp) RPS6",,,,"0.108",,,"0.428","0.385"
"pp","RPL10A (pp) RPS10","false","pp","RPL10A (pp) RPS10","0.998",,"0.9","0.991",,,"0.999","0.58"
"pp","RPL10A (pp) RPS5","false","pp","RPL10A (pp) RPS5","0.997",,"0.9","0.99",,"0.167","0.999","0.715"
"pp","RPL10A (pp) RPS19","false","pp","RPL10A (pp) RPS19","0.999",,"0.9","0.992",,"0.219","0.999","0.701"
"pp","RPL10A (pp) RPL27","false","pp","RPL10A (pp) RPL27","0.996",,"0.9","0.992",,,"0.999","0.557"
"pp","RPL10A (pp) RPL26","false","pp","RPL10A (pp) RPL26","0.996",,"0.9","0.96",,"0.135","0.999","0.574"
"pp","RPL10A (pp) RPL28","false","pp","RPL10A (pp) RPL28","0.992",,"0.9","0.798",,,"0.999","0.355"
"pp","RPL10A (pp) RPLP0","false","pp","RPL10A (pp) RPLP0","0.996",,"0.9","0.991",,"0.167","0.999","0.621"
"pp","RPL10A (pp) RPL30","false","pp","RPL10A (pp) RPL30","0.983",,"0.9","0.992",,,"0.999","0.711"
"pp","RPL10A (pp) RPL35A","false","pp","RPL10A (pp) RPL35A","0.989",,"0.9","0.992",,,"0.999","0.318"
"pp","RPL10A (pp) RPL37A","false","pp","RPL10A (pp) RPL37A","0.97",,"0.9","0.992",,,"0.999","0.386"
"pp","RPL10A (pp) RPL36A","false","pp","RPL10A (pp) RPL36A","0.781",,"0.9","0.956",,,"0.999","0.639"
"pp","RPL10A (pp) RPL9","false","pp","RPL10A (pp) RPL9","0.996",,"0.9","0.992",,"0.219","0.999","0.672"
"pp","RPL10A (pp) RPL17","false","pp","RPL10A (pp) RPL17","0.998",,"0.9","0.991",,"0.111","0.999","0.325"
"pp","RPL10A (pp) RPS18","false","pp","RPL10A (pp) RPS18","0.999",,"0.9","0.992",,"0.219","0.999","0.325"
"pp","RPL10A (pp) RPL31","false","pp","RPL10A (pp) RPL31","0.991",,"0.9","0.962",,"0.219","0.999","0.701"
"pp","RPL10A (pp) RPL14","false","pp","RPL10A (pp) RPL14","0.982",,"0.9","0.991",,,"0.999","0.227"
"pp","RPL10A (pp) RPL24","false","pp","RPL10A (pp) RPL24","0.985",,"0.9","0.992",,,"0.999","0.609"
"pp","RPL10A (pp) RPS6","false","pp","RPL10A (pp) RPS6","0.998",,"0.9","0.992",,,"0.999","0.527"
"pp","RPL10A (pp) ISG15","false","pp","RPL10A (pp) ISG15","0.145",,,"0.574",,,"0.637","0.085"
"pp","RPL10A (pp) RPL11","false","pp","RPL10A (pp) RPL11","0.997",,"0.9","0.992",,"0.219","0.999","0.573"
"pp","RPS6 (pp) RPS10","false","pp","RPS6 (pp) RPS10","0.996",,"0.9","0.991",,,"0.999","0.707"
"pp","RPS6 (pp) RPS5","false","pp","RPS6 (pp) RPS5","0.996",,"0.9","0.991",,,"0.999","0.534"
"pp","RPS6 (pp) RPS19","false","pp","RPS6 (pp) RPS19","0.996",,"0.9","0.992",,,"0.999","0.813"
"pp","RPS6 (pp) RPL27","false","pp","RPS6 (pp) RPL27","0.996",,"0.9","0.992",,,"0.999","0.321"
"pp","RPS6 (pp) RPL26","false","pp","RPS6 (pp) RPL26","0.997",,"0.9","0.992",,,"0.999","0.711"
"pp","RPS6 (pp) RPL28","false","pp","RPS6 (pp) RPL28","0.992",,"0.9","0.958",,,"0.999","0.63"
"pp","RPS6 (pp) RPLP0","false","pp","RPS6 (pp) RPLP0","0.996",,"0.9","0.992",,,"0.999","0.517"
"pp","RPS6 (pp) RPL30","false","pp","RPS6 (pp) RPL30","0.99",,"0.9","0.992",,,"0.999","0.739"
"pp","RPS6 (pp) RPL35A","false","pp","RPS6 (pp) RPL35A","0.992",,"0.9","0.992",,,"0.999","0.55"
"pp","RPS6 (pp) RPL37A","false","pp","RPS6 (pp) RPL37A","0.956",,"0.9","0.992",,,"0.999","0.506"
"pp","RPS6 (pp) RPL36A","false","pp","RPS6 (pp) RPL36A","0.775",,"0.9","0.957",,,"0.999","0.572"
"pp","RPS6 (pp) RPL9","false","pp","RPS6 (pp) RPL9","0.997",,"0.9","0.992",,,"0.999","0.626"
"pp","RPS6 (pp) RPL17","false","pp","RPS6 (pp) RPL17","0.987",,"0.9","0.991",,,"0.999","0.24"
"pp","RPS6 (pp) RPS18","false","pp","RPS6 (pp) RPS18","0.997",,"0.9","0.992",,,"0.999","0.666"
"pp","RPS6 (pp) RPL31","false","pp","RPS6 (pp) RPL31","0.991",,"0.9","0.962",,,"0.999","0.661"
"pp","RPS6 (pp) RPL14","false","pp","RPS6 (pp) RPL14","0.988",,"0.9","0.991",,,"0.999","0.65"
"pp","RPS6 (pp) RPL24","false","pp","RPS6 (pp) RPL24","0.99",,"0.9","0.991",,"0.219","0.999","0.636"
"pp","JAK1 (pp) PRKCA","false","pp","JAK1 (pp) PRKCA",,,,"0.363",,,"0.417","0.122"
"pp","JAK1 (pp) MAVS","false","pp","JAK1 (pp) MAVS","0.057",,,,,,"0.428","0.419"
"pp","JAK1 (pp) IL6ST","false","pp","JAK1 (pp) IL6ST","0.09",,"0.9","0.421",,,"0.973","0.556"
"pp","JAK1 (pp) ISG15","false","pp","JAK1 (pp) ISG15",,,"0.9","0.088",,,"0.956","0.565"
"pp","JAK1 (pp) JUN","false","pp","JAK1 (pp) JUN","0.062",,,"0.079",,,"0.53","0.499"
"pp","RPL3 (pp) RPS10","false","pp","RPL3 (pp) RPS10","0.993",,"0.9","0.989",,,"0.999","0.611"
"pp","RPL3 (pp) RPS5","false","pp","RPL3 (pp) RPS5","0.996",,"0.9","0.978",,"0.135","0.999","0.672"
"pp","RPL3 (pp) RPS19","false","pp","RPL3 (pp) RPS19","0.998",,"0.9","0.991",,,"0.999","0.728"
"pp","RPL3 (pp) RPL27","false","pp","RPL3 (pp) RPL27","0.992",,"0.9","0.989",,"0.11","0.999","0.413"
"pp","RPL3 (pp) RPL26","false","pp","RPL3 (pp) RPL26","0.994","0.294","0.9","0.989",,"0.11","0.999","0.7"
"pp","RPL3 (pp) RPL28","false","pp","RPL3 (pp) RPL28","0.988",,"0.9","0.947",,,"0.999","0.636"
"pp","RPL3 (pp) RPLP0","false","pp","RPL3 (pp) RPLP0","0.995",,"0.9","0.986",,"0.135","0.999","0.512"
"pp","RPL3 (pp) RPL30","false","pp","RPL3 (pp) RPL30","0.991",,"0.9","0.989",,,"0.999","0.767"
"pp","RPL3 (pp) RPL35A","false","pp","RPL3 (pp) RPL35A","0.991",,"0.9","0.991",,,"0.999","0.434"
"pp","RPL3 (pp) RPL37A","false","pp","RPL3 (pp) RPL37A","0.924",,"0.9","0.991",,,"0.999","0.288"
"pp","RPL3 (pp) RPL36A","false","pp","RPL3 (pp) RPL36A","0.567",,"0.9","0.949",,,"0.998","0.479"
"pp","RPL3 (pp) RPL9","false","pp","RPL3 (pp) RPL9","0.997","0.354","0.9","0.987",,"0.185","0.999","0.735"
"pp","RPL3 (pp) RPL17","false","pp","RPL3 (pp) RPL17","0.999",,"0.9","0.989",,"0.081","0.999","0.157"
"pp","RPL3 (pp) RPS18","false","pp","RPL3 (pp) RPS18","0.999",,"0.9","0.991",,"0.185","0.999","0.585"
"pp","RPL3 (pp) RPL31","false","pp","RPL3 (pp) RPL31","0.987",,"0.9","0.952",,,"0.999","0.533"
"pp","RPL3 (pp) RPL14","false","pp","RPL3 (pp) RPL14","0.989",,"0.9","0.989",,"0.11","0.999","0.733"
"pp","RPL3 (pp) RPL24","false","pp","RPL3 (pp) RPL24","0.977",,"0.9","0.99",,,"0.999","0.604"
"pp","RPL3 (pp) RPS6","false","pp","RPL3 (pp) RPS6","0.997",,"0.9","0.989",,,"0.999","0.659"
"pp","RPL3 (pp) RPL11","false","pp","RPL3 (pp) RPL11","0.995",,"0.9","0.991",,"0.185","0.999","0.667"
"pp","RPL3 (pp) RPL10A","false","pp","RPL3 (pp) RPL10A","0.999",,"0.9","0.989",,"0.135","0.999","0.695"
"pp","RPL3 (pp) RPS4X","false","pp","RPL3 (pp) RPS4X","0.998","0.374","0.9","0.99",,"0.185","0.999","0.483"
"pp","RPL3 (pp) RPL7A","false","pp","RPL3 (pp) RPL7A","0.997",,"0.9","0.989",,"0.073","0.999","0.688"
"pp","RPL3 (pp) RPL12","false","pp","RPL3 (pp) RPL12","0.993",,"0.9","0.989",,"0.135","0.999","0.823"
"pp","RPL3 (pp) RPS3A","false","pp","RPL3 (pp) RPS3A","0.999","0.232","0.9","0.991",,,"0.999","0.407"
"pp","RPL3 (pp) RPL21","false","pp","RPL3 (pp) RPL21","0.999",,"0.9","0.99",,,"0.999","0.395"
"pp","RPL3 (pp) RPL27A","false","pp","RPL3 (pp) RPL27A","0.988","0.201","0.9","0.989",,"0.135","0.999","0.556"
"pp","RPL7A (pp) RPS10","false","pp","RPL7A (pp) RPS10","0.994",,"0.9","0.991",,,"0.999","0.206"
"pp","RPL7A (pp) RPS5","false","pp","RPL7A (pp) RPS5","0.995",,"0.9","0.991",,"0.078","0.999","0.369"
"pp","RPL7A (pp) RPS19","false","pp","RPL7A (pp) RPS19","0.995",,"0.9","0.992",,,"0.999","0.806"
"pp","RPL7A (pp) RPL27","false","pp","RPL7A (pp) RPL27","0.993",,"0.9","0.992",,"0.051","0.999","0.395"
"pp","RPL7A (pp) RPL26","false","pp","RPL7A (pp) RPL26","0.994",,"0.9","0.992",,"0.071","0.999","0.62"
"pp","RPL7A (pp) RPL28","false","pp","RPL7A (pp) RPL28","0.992",,"0.9","0.829",,,"0.999","0.422"
"pp","RPL7A (pp) RPLP0","false","pp","RPL7A (pp) RPLP0","0.997",,"0.9","0.992",,"0.076","0.999","0.563"
"pp","RPL7A (pp) RPL30","false","pp","RPL7A (pp) RPL30","0.991",,"0.9","0.991",,,"0.999","0.817"
"pp","RPL7A (pp) RPL35A","false","pp","RPL7A (pp) RPL35A","0.992",,"0.9","0.992",,,"0.999","0.711"
"pp","RPL7A (pp) RPL37A","false","pp","RPL7A (pp) RPL37A","0.969",,"0.9","0.992",,,"0.999","0.702"
"pp","RPL7A (pp) RPL36A","false","pp","RPL7A (pp) RPL36A","0.739",,"0.9","0.956",,,"0.999","0.771"
"pp","RPL7A (pp) RPL9","false","pp","RPL7A (pp) RPL9","0.996",,"0.9","0.992",,"0.074","0.999","0.395"
"pp","RPL7A (pp) RPL17","false","pp","RPL7A (pp) RPL17","0.984",,"0.9","0.989",,"0.07","0.999","0.225"
"pp","RPL7A (pp) RPS18","false","pp","RPL7A (pp) RPS18","0.997",,"0.9","0.992",,"0.115","0.999","0.271"
"pp","RPL7A (pp) RPL31","false","pp","RPL7A (pp) RPL31","0.995",,"0.9","0.962",,,"0.999","0.543"
"pp","RPL7A (pp) RPL14","false","pp","RPL7A (pp) RPL14","0.995",,"0.9","0.991",,"0.051","0.999","0.496"
"pp","RPL7A (pp) RPL24","false","pp","RPL7A (pp) RPL24","0.974",,"0.9","0.991",,"0.078","0.999","0.576"
"pp","RPL7A (pp) RPS6","false","pp","RPL7A (pp) RPS6","0.995",,"0.9","0.991",,"0.116","0.999","0.651"
"pp","RPL7A (pp) RPL11","false","pp","RPL7A (pp) RPL11","0.993",,"0.9","0.992",,"0.11","0.999","0.518"
"pp","RPL7A (pp) RPL10A","false","pp","RPL7A (pp) RPL10A","0.996",,"0.9","0.992",,"0.059","0.999","0.738"
"pp","RPL7A (pp) RPS4X","false","pp","RPL7A (pp) RPS4X","0.997",,"0.9","0.992",,,"0.999","0.593"
"pp","C2 (pp) CFB","false","pp","C2 (pp) CFB","0.172",,"0.9",,,,"0.921","0.123"
"pp","C2 (pp) C4A","false","pp","C2 (pp) C4A","0.092",,"0.9","0.063",,,"0.963","0.621"
"pp","RPL26 (pp) RPS10","false","pp","RPL26 (pp) RPS10","0.991",,"0.9","0.958",,,"0.999","0.796"
"pp","RPL26 (pp) RPS5","false","pp","RPL26 (pp) RPS5","0.99",,"0.9","0.981",,"0.135","0.999","0.334"
"pp","RPL26 (pp) RPS19","false","pp","RPL26 (pp) RPS19","0.992",,"0.9","0.992",,,"0.999","0.823"
"pp","RPL26 (pp) RPL27","false","pp","RPL26 (pp) RPL27","0.997",,"0.9","0.992",,"0.11","0.999","0.741"
"pp","RPL18A (pp) RPS10","false","pp","RPL18A (pp) RPS10","0.996",,"0.9","0.992",,,"0.999","0.517"
"pp","RPL18A (pp) RPS5","false","pp","RPL18A (pp) RPS5","0.997",,"0.9","0.99",,,"0.999","0.128"
"pp","RPL18A (pp) RPS19","false","pp","RPL18A (pp) RPS19","0.996",,"0.9","0.992",,"0.295","0.999","0.437"
"pp","RPL18A (pp) RPL27","false","pp","RPL18A (pp) RPL27","0.995",,"0.9","0.992",,,"0.999","0.429"
"pp","RPL18A (pp) RPL26","false","pp","RPL18A (pp) RPL26","0.991",,"0.9","0.96",,,"0.999","0.346"
"pp","RPL18A (pp) RPL28","false","pp","RPL18A (pp) RPL28","0.995",,"0.9","0.812",,,"0.999","0.429"
"pp","RPL18A (pp) RPLP0","false","pp","RPL18A (pp) RPLP0","0.995",,"0.9","0.99",,"0.219","0.999","0.238"
"pp","RPL18A (pp) RPL30","false","pp","RPL18A (pp) RPL30","0.993",,"0.9","0.992",,,"0.999","0.579"
"pp","RPL18A (pp) RPL35A","false","pp","RPL18A (pp) RPL35A","0.993",,"0.9","0.989",,,"0.999","0.739"
"pp","RPL18A (pp) RPL37A","false","pp","RPL18A (pp) RPL37A","0.964",,"0.9","0.992",,"0.254","0.999","0.771"
"pp","RPL18A (pp) RPL36A","false","pp","RPL18A (pp) RPL36A","0.749",,"0.9","0.956",,,"0.999","0.55"
"pp","RPL18A (pp) RPL9","false","pp","RPL18A (pp) RPL9","0.997",,"0.9","0.991",,,"0.999","0.694"
"pp","RPL18A (pp) RPL17","false","pp","RPL18A (pp) RPL17","0.993",,"0.9","0.989",,,"0.999","0.244"
"pp","RPL18A (pp) RPS18","false","pp","RPL18A (pp) RPS18","0.999",,"0.9","0.992",,,"0.999","0.294"
"pp","RPL18A (pp) RPL31","false","pp","RPL18A (pp) RPL31","0.993",,"0.9","0.963",,"0.295","0.999","0.71"
"pp","RPL18A (pp) RPL14","false","pp","RPL18A (pp) RPL14","0.993",,"0.9","0.992",,,"0.999","0.704"
"pp","RPL18A (pp) RPL24","false","pp","RPL18A (pp) RPL24","0.976",,"0.9","0.992",,,"0.999","0.339"
"pp","RPL18A (pp) RPS6","false","pp","RPL18A (pp) RPS6","0.995",,"0.9","0.992",,,"0.999","0.433"
"pp","RPL18A (pp) ISG15","false","pp","RPL18A (pp) ISG15","0.189",,,"0.355",,,"0.459","0.05"
"pp","RPL18A (pp) RPL11","false","pp","RPL18A (pp) RPL11","0.996",,"0.9","0.992",,,"0.999","0.248"
"pp","RPL18A (pp) RPL10A","false","pp","RPL18A (pp) RPL10A","0.997",,"0.9","0.992",,"0.219","0.999","0.606"
"pp","RPL18A (pp) RPS4X","false","pp","RPL18A (pp) RPS4X","0.997",,"0.9","0.991",,,"0.999","0.198"
"pp","RPL18A (pp) RPL7A","false","pp","RPL18A (pp) RPL7A","0.994",,"0.9","0.992",,,"0.999","0.648"
"pp","RPL18A (pp) JUN","false","pp","RPL18A (pp) JUN",,,,"0.408",,,"0.435","0.085"
"pp","RPL18A (pp) RPL12","false","pp","RPL18A (pp) RPL12","0.996",,"0.9","0.992",,"0.219","0.999","0.474"
"pp","RPL18A (pp) RPS3A","false","pp","RPL18A (pp) RPS3A","0.997",,"0.9","0.992",,,"0.999","0.131"
"pp","RPL18A (pp) RPL21","false","pp","RPL18A (pp) RPL21","0.997",,"0.9","0.992",,"0.268","0.999","0.52"
"pp","RPL18A (pp) RPL27A","false","pp","RPL18A (pp) RPL27A","0.997",,"0.9","0.992",,,"0.999","0.608"
"pp","RPL18A (pp) RPL3","false","pp","RPL18A (pp) RPL3","0.999",,"0.9","0.99",,,"0.999","0.534"
"pp","RPL18A (pp) RPS15A","false","pp","RPL18A (pp) RPS15A","0.995",,"0.9","0.991",,,"0.999","0.436"
"pp","RPL18A (pp) RPL13","false","pp","RPL18A (pp) RPL13","0.996",,"0.9","0.991",,,"0.999","0.402"
"pp","RPL18A (pp) RPS23","false","pp","RPL18A (pp) RPS23","0.993",,"0.9","0.992",,,"0.999","0.394"
"pp","RPL18A (pp) RPS11","false","pp","RPL18A (pp) RPS11","0.999",,"0.9","0.992",,,"0.999","0.076"
"pp","RPL18A (pp) RPL8","false","pp","RPL18A (pp) RPL8","0.999",,"0.9","0.992",,,"0.999","0.267"
"pp","RPS15A (pp) RPS10","false","pp","RPS15A (pp) RPS10","0.997",,"0.9","0.992",,,"0.999","0.523"
"pp","RPS15A (pp) RPS5","false","pp","RPS15A (pp) RPS5","0.997",,"0.9","0.991",,"0.167","0.999","0.564"
"pp","RPS15A (pp) RPS19","false","pp","RPS15A (pp) RPS19","0.997",,"0.9","0.991",,,"0.999","0.573"
"pp","RPS15A (pp) RPL27","false","pp","RPS15A (pp) RPL27","0.996",,"0.9","0.991",,"0.135","0.999","0.388"
"pp","RPS15A (pp) RPL26","false","pp","RPS15A (pp) RPL26","0.997","0.307","0.9","0.96",,"0.135","0.999","0.487"
"pp","RPS15A (pp) RPL28","false","pp","RPS15A (pp) RPL28","0.992",,"0.9","0.957",,,"0.999","0.474"
"pp","RPS15A (pp) RPLP0","false","pp","RPS15A (pp) RPLP0","0.996",,"0.9","0.991",,"0.167","0.999","0.36"
"pp","RPS15A (pp) RPL30","false","pp","RPS15A (pp) RPL30","0.992",,"0.9","0.991",,,"0.999","0.575"
"pp","RPS15A (pp) RPL35A","false","pp","RPS15A (pp) RPL35A","0.992",,"0.9","0.988",,,"0.999","0.473"
"pp","RPS15A (pp) RPL37A","false","pp","RPS15A (pp) RPL37A","0.959",,"0.9","0.989",,,"0.999","0.247"
"pp","RPS15A (pp) RPL36A","false","pp","RPS15A (pp) RPL36A","0.858",,"0.9","0.956",,,"0.999","0.525"
"pp","RPS15A (pp) RPL9","false","pp","RPS15A (pp) RPL9","0.997","0.361","0.9","0.991",,"0.219","0.999","0.429"
"pp","RPS15A (pp) RPL17","false","pp","RPS15A (pp) RPL17","0.988",,"0.9","0.989",,"0.111","0.999","0.263"
"pp","RPS15A (pp) RPS18","false","pp","RPS15A (pp) RPS18","0.999",,"0.9","0.991",,"0.219","0.999","0.635"
"pp","RPS15A (pp) RPL31","false","pp","RPS15A (pp) RPL31","0.991",,"0.9","0.959",,,"0.999","0.608"
"pp","RPS15A (pp) RPL14","false","pp","RPS15A (pp) RPL14","0.981",,"0.9","0.991",,"0.135","0.999","0.262"
"pp","RPS15A (pp) RPL24","false","pp","RPS15A (pp) RPL24","0.988",,"0.9","0.992",,,"0.999","0.52"
"pp","RPS15A (pp) RPS6","false","pp","RPS15A (pp) RPS6","0.997",,"0.9","0.992",,,"0.999","0.426"
"pp","RPS15A (pp) ISG15","false","pp","RPS15A (pp) ISG15","0.177",,,"0.403",,,"0.559","0.174"
"pp","RPS15A (pp) RPL11","false","pp","RPS15A (pp) RPL11","0.997",,"0.9","0.991",,"0.219","0.999","0.512"
"pp","RPS15A (pp) RPL10A","false","pp","RPS15A (pp) RPL10A","0.997",,"0.9","0.991",,"0.167","0.999","0.698"
"pp","RPS15A (pp) RPS4X","false","pp","RPS15A (pp) RPS4X","0.993","0.29","0.9","0.991",,"0.219","0.999","0.669"
"pp","RPS15A (pp) RPL7A","false","pp","RPS15A (pp) RPL7A","0.992",,"0.9","0.991",,"0.07","0.999","0.552"
"pp","RPS15A (pp) RPL12","false","pp","RPS15A (pp) RPL12","0.996",,"0.9","0.991",,"0.167","0.999","0.556"
"pp","RPS15A (pp) RPS3A","false","pp","RPS15A (pp) RPS3A","0.997",,"0.9","0.991",,,"0.999","0.45"
"pp","RPS15A (pp) RPL21","false","pp","RPS15A (pp) RPL21","0.997",,"0.9","0.992",,,"0.999","0.21"
"pp","RPS15A (pp) RPL27A","false","pp","RPS15A (pp) RPL27A","0.993",,"0.9","0.992",,"0.167","0.999","0.581"
"pp","RPS15A (pp) RPL3","false","pp","RPS15A (pp) RPL3","0.994","0.256","0.9","0.989",,"0.135","0.999","0.597"
"pp","RPL14 (pp) RPS10","false","pp","RPL14 (pp) RPS10","0.942",,"0.9","0.989",,,"0.999","0.717"
"pp","RPL14 (pp) RPS5","false","pp","RPL14 (pp) RPS5","0.981",,"0.9","0.99",,"0.112","0.999","0.48"
"pp","RPL14 (pp) RPS19","false","pp","RPL14 (pp) RPS19","0.982",,"0.9","0.991",,,"0.999","0.762"
"pp","RPL14 (pp) RPL27","false","pp","RPL14 (pp) RPL27","0.995",,"0.9","0.991",,,"0.999","0.722"
"pp","RPL14 (pp) RPL26","false","pp","RPL14 (pp) RPL26","0.991",,"0.9","0.989",,"0.11","0.999","0.681"
"pp","RPL14 (pp) RPL28","false","pp","RPL14 (pp) RPL28","0.993",,"0.9","0.957",,,"0.999","0.653"
"pp","RPL14 (pp) RPLP0","false","pp","RPL14 (pp) RPLP0","0.994",,"0.9","0.99",,,"0.999","0.525"
"pp","RPL14 (pp) RPL30","false","pp","RPL14 (pp) RPL30","0.993",,"0.9","0.991",,,"0.999","0.558"
"pp","RPL14 (pp) RPL35A","false","pp","RPL14 (pp) RPL35A","0.996",,"0.9","0.991",,,"0.999","0.757"
"pp","RPL14 (pp) RPL37A","false","pp","RPL14 (pp) RPL37A","0.978",,"0.9","0.992",,,"0.999","0.541"
"pp","RPL14 (pp) RPL36A","false","pp","RPL14 (pp) RPL36A","0.777",,"0.9","0.956",,,"0.999","0.521"
"pp","RPL14 (pp) RPL9","false","pp","RPL14 (pp) RPL9","0.993",,"0.9","0.992",,"0.185","0.999","0.821"
"pp","RPL14 (pp) RPL17","false","pp","RPL14 (pp) RPL17","0.96",,"0.9","0.986",,"0.081","0.999","0.221"
"pp","RPL14 (pp) RPS18","false","pp","RPL14 (pp) RPS18","0.992",,"0.9","0.991",,"0.185","0.999","0.705"
"pp","RPL14 (pp) RPL31","false","pp","RPL14 (pp) RPL31","0.993",,"0.9","0.96",,,"0.999","0.708"
"pp","C3 (pp) CFB","false","pp","C3 (pp) CFB","0.31",,"0.9","0.873",,,"0.998","0.869"
"pp","C3 (pp) C4A","false","pp","C3 (pp) C4A","0.22",,"0.9",,,,"0.938","0.269"
"pp","C3 (pp) FGG","false","pp","C3 (pp) FGG","0.2",,"0.9",,,,"0.94","0.312"
"pp","C3 (pp) F2","false","pp","C3 (pp) F2","0.108",,,"0.05",,,"0.496","0.452"
"pp","C3 (pp) FGA","false","pp","C3 (pp) FGA","0.217",,"0.9",,,,"0.945","0.359"
"pp","C3 (pp) FGB","false","pp","C3 (pp) FGB","0.195",,,,,,"0.401","0.286"
"pp","C3 (pp) C2","false","pp","C3 (pp) C2","0.148",,"0.9","0.404",,,"0.984","0.733"
"pp","C3 (pp) MASP1","false","pp","C3 (pp) MASP1","0.086",,,"0.384",,,"0.798","0.67"
"pp","RPL8 (pp) RPS10","false","pp","RPL8 (pp) RPS10","0.998",,"0.9","0.992",,,"0.999","0.438"
"pp","RPL8 (pp) RPS5","false","pp","RPL8 (pp) RPS5","0.997",,"0.9","0.977",,"0.167","0.999","0.778"
"pp","RPL8 (pp) RPS19","false","pp","RPL8 (pp) RPS19","0.999",,"0.9","0.992",,,"0.999","0.619"
"pp","RPL8 (pp) RPL27","false","pp","RPL8 (pp) RPL27","0.995",,"0.9","0.992",,"0.135","0.999","0.635"
"pp","RPL8 (pp) RPL26","false","pp","RPL8 (pp) RPL26","0.992","0.298","0.9","0.992",,"0.135","0.999","0.599"
"pp","RPL8 (pp) RPL28","false","pp","RPL8 (pp) RPL28","0.993",,"0.9","0.905",,,"0.999","0.657"
"pp","RPL8 (pp) RPLP0","false","pp","RPL8 (pp) RPLP0","0.997","0.227","0.9","0.99",,"0.167","0.999","0.469"
"pp","RPL8 (pp) RPL30","false","pp","RPL8 (pp) RPL30","0.993",,"0.9","0.992",,,"0.999","0.713"
"pp","RPL8 (pp) RPL35A","false","pp","RPL8 (pp) RPL35A","0.995",,"0.9","0.992",,,"0.999","0.22"
"pp","RPL8 (pp) RPL37A","false","pp","RPL8 (pp) RPL37A","0.931",,"0.9","0.992",,,"0.999","0.458"
"pp","RPL8 (pp) RPL36A","false","pp","RPL8 (pp) RPL36A","0.729",,"0.9","0.956",,,"0.999","0.564"
"pp","RPL8 (pp) RPL9","false","pp","RPL8 (pp) RPL9","0.997","0.295","0.9","0.991",,"0.219","0.999","0.662"
"pp","RPL8 (pp) RPL17","false","pp","RPL8 (pp) RPL17","0.999",,"0.9","0.991",,"0.111","0.999","0.279"
"pp","RPL8 (pp) RPS18","false","pp","RPL8 (pp) RPS18","0.999",,"0.9","0.992",,"0.219","0.999","0.763"
"pp","RPL8 (pp) RPL31","false","pp","RPL8 (pp) RPL31","0.992",,"0.9","0.963",,,"0.999","0.504"
"pp","RPL8 (pp) RPL14","false","pp","RPL8 (pp) RPL14","0.993",,"0.9","0.991",,"0.135","0.999","0.757"
"pp","RPL8 (pp) RPL24","false","pp","RPL8 (pp) RPL24","0.976",,"0.9","0.992",,,"0.999","0.615"
"pp","RPL8 (pp) RPS6","false","pp","RPL8 (pp) RPS6","0.997",,"0.9","0.992",,,"0.999","0.456"
"pp","RPL8 (pp) ISG15","false","pp","RPL8 (pp) ISG15","0.155",,,"0.54",,,"0.618","0.097"
"pp","RPL8 (pp) RPL11","false","pp","RPL8 (pp) RPL11","0.996",,"0.9","0.992",,"0.219","0.999","0.708"
"pp","RPL8 (pp) RPL10A","false","pp","RPL8 (pp) RPL10A","0.999",,"0.9","0.992",,"0.167","0.999","0.591"
"pp","RPL8 (pp) RPS4X","false","pp","RPL8 (pp) RPS4X","0.997","0.253","0.9","0.988",,"0.219","0.999","0.585"
"pp","RPL8 (pp) RPL7A","false","pp","RPL8 (pp) RPL7A","0.997",,"0.9","0.992",,"0.078","0.999","0.582"
"pp","RPL8 (pp) RPL12","false","pp","RPL8 (pp) RPL12","0.996",,"0.9","0.992",,"0.167","0.999","0.595"
"pp","RPL8 (pp) RPS3A","false","pp","RPL8 (pp) RPS3A","0.999","0.274","0.9","0.992",,,"0.999","0.708"
"pp","RPL8 (pp) RPL21","false","pp","RPL8 (pp) RPL21","0.999",,"0.9","0.992",,,"0.999","0.678"
"pp","RPL8 (pp) RPL27A","false","pp","RPL8 (pp) RPL27A","0.993",,"0.9","0.992",,"0.167","0.999","0.79"
"pp","RPL8 (pp) RPL3","false","pp","RPL8 (pp) RPL3","0.999","0.206","0.9","0.992",,"0.135","0.999","0.764"
"pp","RPL8 (pp) RPS15A","false","pp","RPL8 (pp) RPS15A","0.997","0.233","0.9","0.988",,"0.167","0.999","0.344"
"pp","RPL8 (pp) RPL13","false","pp","RPL8 (pp) RPL13","0.996",,"0.9","0.992",,,"0.999","0.73"
"pp","RPL8 (pp) RPS23","false","pp","RPL8 (pp) RPS23","0.993",,"0.9","0.992",,"0.167","0.999","0.776"
"pp","RPL8 (pp) RPS11","false","pp","RPL8 (pp) RPS11","0.999","0.207","0.9","0.992",,"0.219","0.999","0.673"
"pp","EIF2AK2 (pp) RPS10","false","pp","EIF2AK2 (pp) RPS10","0.505",,,,,,"0.505",
"pp","EIF2AK2 (pp) RPS5","false","pp","EIF2AK2 (pp) RPS5","0.426",,,,,,"0.443","0.069"
"pp","EIF2AK2 (pp) RPS19","false","pp","EIF2AK2 (pp) RPS19","0.507",,,,,,"0.507",
"pp","EIF2AK2 (pp) RPLP0","false","pp","EIF2AK2 (pp) RPLP0","0.289",,,"0.328",,,"0.501",
"pp","EIF2AK2 (pp) MAVS","false","pp","EIF2AK2 (pp) MAVS",,,,"0.379",,,"0.642","0.447"
"pp","EIF2AK2 (pp) RPL17","false","pp","EIF2AK2 (pp) RPL17","0.429",,,,,,"0.464","0.101"
"pp","EIF2AK2 (pp) RPS18","false","pp","EIF2AK2 (pp) RPS18","0.506",,,,,,"0.506",
"pp","EIF2AK2 (pp) RPS6","false","pp","EIF2AK2 (pp) RPS6","0.503",,,,,,"0.532","0.097"
"pp","EIF2AK2 (pp) ISG15","false","pp","EIF2AK2 (pp) ISG15","0.577",,"0.9",,,,"0.981","0.604"
"pp","EIF2AK2 (pp) RPL10A","false","pp","EIF2AK2 (pp) RPL10A","0.506",,,,,,"0.548","0.123"
"pp","EIF2AK2 (pp) RPS3A","false","pp","EIF2AK2 (pp) RPS3A","0.306",,,"0.328",,,"0.513",
"pp","EIF2AK2 (pp) RPL21","false","pp","EIF2AK2 (pp) RPL21","0.456",,,,,,"0.555","0.217"
"pp","EIF2AK2 (pp) RPL3","false","pp","EIF2AK2 (pp) RPL3","0.426",,,,,,"0.426",
"pp","EIF2AK2 (pp) JAK1","false","pp","EIF2AK2 (pp) JAK1","0.062",,"0.9","0.342",,,"0.939","0.142"
"pp","EIF2AK2 (pp) RPS15A","false","pp","EIF2AK2 (pp) RPS15A","0.428",,,,,,"0.435","0.054"
"pp","EIF2AK2 (pp) RPS11","false","pp","EIF2AK2 (pp) RPS11","0.499",,,,,,"0.499",
"pp","EIF2AK2 (pp) RPL8","false","pp","EIF2AK2 (pp) RPL8","0.429",,,,,,"0.434","0.05"
"pp","RPL17 (pp) RPS10","false","pp","RPL17 (pp) RPS10","0.991",,"0.9","0.944",,,"0.999","0.085"
"pp","RPL17 (pp) RPS5","false","pp","RPL17 (pp) RPS5","0.993",,"0.9","0.989",,"0.111","0.999","0.173"
"pp","RPL17 (pp) RPS19","false","pp","RPL17 (pp) RPS19","0.996",,"0.9","0.99",,,"0.999","0.266"
"pp","RPL17 (pp) RPL27","false","pp","RPL17 (pp) RPL27","0.983",,"0.9","0.956",,"0.081","0.999","0.062"
"pp","RPL17 (pp) RPL26","false","pp","RPL17 (pp) RPL26","0.984","0.244","0.9","0.985",,"0.081","0.999","0.49"
"pp","RPL17 (pp) RPL28","false","pp","RPL17 (pp) RPL28","0.98",,"0.9","0.734",,,"0.999","0.212"
"pp","RPL17 (pp) RPLP0","false","pp","RPL17 (pp) RPLP0","0.984",,"0.9","0.991",,"0.111","0.999","0.211"
"pp","RPL17 (pp) RPL30","false","pp","RPL17 (pp) RPL30","0.958",,"0.9","0.956",,,"0.999","0.081"
"pp","RPL17 (pp) RPL35A","false","pp","RPL17 (pp) RPL35A","0.97",,"0.9","0.988",,,"0.999","0.224"
"pp","RPL17 (pp) RPL37A","false","pp","RPL17 (pp) RPL37A","0.87",,"0.9","0.989",,,"0.999","0.222"
"pp","RPL17 (pp) RPL36A","false","pp","RPL17 (pp) RPL36A","0.583",,"0.9","0.944",,,"0.997","0.157"
"pp","RPL17 (pp) RPL9","false","pp","RPL17 (pp) RPL9","0.982","0.235","0.9","0.987",,"0.167","0.999","0.222"
"pp","IL6ST (pp) RPL37A","false","pp","IL6ST (pp) RPL37A",,,,,,,"0.443","0.443"
"pp","RPL27A (pp) RPS10","false","pp","RPL27A (pp) RPS10","0.988",,"0.9","0.991",,,"0.999","0.929"
"pp","RPL27A (pp) RPS5","false","pp","RPL27A (pp) RPS5","0.993",,"0.9","0.981",,"0.167","0.999","0.926"
"pp","RPL27A (pp) RPS19","false","pp","RPL27A (pp) RPS19","0.995",,"0.9","0.992",,,"0.999","0.514"
"pp","RPL27A (pp) RPL27","false","pp","RPL27A (pp) RPL27","0.996",,"0.9","0.992",,"0.135","0.999","0.464"
"pp","RPL27A (pp) RPL26","false","pp","RPL27A (pp) RPL26","0.992",,"0.9","0.96",,"0.135","0.999","0.642"
"pp","RPL27A (pp) RPL28","false","pp","RPL27A (pp) RPL28","0.993",,"0.9","0.797",,,"0.999","0.91"
"pp","RPL27A (pp) RPLP0","false","pp","RPL27A (pp) RPLP0","0.995",,"0.9","0.991",,"0.167","0.999","0.606"
"pp","RPL27A (pp) RPL30","false","pp","RPL27A (pp) RPL30","0.993","0.323","0.9","0.992",,,"0.999","0.705"
"pp","RPL27A (pp) RPL35A","false","pp","RPL27A (pp) RPL35A","0.995",,"0.9","0.991",,,"0.999","0.434"
"pp","RPL27A (pp) RPL37A","false","pp","RPL27A (pp) RPL37A","0.974",,"0.9","0.992",,,"0.999","0.564"
"pp","RPL27A (pp) RPL36A","false","pp","RPL27A (pp) RPL36A","0.786",,"0.9","0.956",,,"0.999","0.586"
"pp","RPL27A (pp) RPL9","false","pp","RPL27A (pp) RPL9","0.996",,"0.9","0.992",,"0.219","0.999","0.57"
"pp","RPL27A (pp) RPL17","false","pp","RPL27A (pp) RPL17","0.984",,"0.9","0.991",,"0.111","0.999","0.284"
"pp","RPL27A (pp) RPS18","false","pp","RPL27A (pp) RPS18","0.994",,"0.9","0.992",,"0.219","0.999","0.492"
"pp","RPL27A (pp) RPL31","false","pp","RPL27A (pp) RPL31","0.993",,"0.9","0.962",,,"0.999","0.724"
"pp","RPL27A (pp) RPL14","false","pp","RPL27A (pp) RPL14","0.995",,"0.9","0.991",,"0.135","0.999","0.53"
"pp","RPL27A (pp) RPL24","false","pp","RPL27A (pp) RPL24","0.971",,"0.9","0.992",,,"0.999","0.668"
"pp","RPL27A (pp) RPS6","false","pp","RPL27A (pp) RPS6","0.994",,"0.9","0.991",,,"0.999","0.671"
"pp","RPL27A (pp) ISG15","false","pp","RPL27A (pp) ISG15","0.143",,,"0.318",,,"0.412","0.075"
"pp","RPL27A (pp) RPL11","false","pp","RPL27A (pp) RPL11","0.995",,"0.9","0.992",,"0.219","0.999","0.71"
"pp","RPL27A (pp) RPL10A","false","pp","RPL27A (pp) RPL10A","0.993",,"0.9","0.991",,"0.167","0.999","0.617"
"pp","RPL27A (pp) RPS4X","false","pp","RPL27A (pp) RPS4X","0.996","0.211","0.9","0.992",,"0.219","0.999","0.449"
"pp","RPL27A (pp) RPL7A","false","pp","RPL27A (pp) RPL7A","0.993",,"0.9","0.992",,"0.056","0.999","0.561"
"pp","RPL27A (pp) RPL12","false","pp","RPL27A (pp) RPL12","0.993",,"0.9","0.992",,"0.167","0.999","0.654"
"pp","RPL27A (pp) RPS3A","false","pp","RPL27A (pp) RPS3A","0.997",,"0.9","0.992",,,"0.999","0.623"
"pp","RPL27A (pp) RPL21","false","pp","RPL27A (pp) RPL21","0.994",,"0.9","0.991",,,"0.999","0.902"
"pp","ISG15 (pp) IKBKG","false","pp","ISG15 (pp) IKBKG","0.065",,,"0.087",,,"0.482","0.443"
"pp","ISG15 (pp) RPS10","false","pp","ISG15 (pp) RPS10","0.174",,,"0.302",,,"0.408","0.056"
"pp","ISG15 (pp) RPS5","false","pp","ISG15 (pp) RPS5","0.17",,,"0.411",,,"0.509","0.078"
"pp","ISG15 (pp) RPS19","false","pp","ISG15 (pp) RPS19","0.178",,,"0.582",,,"0.66","0.092"
"pp","ISG15 (pp) RPL27","false","pp","ISG15 (pp) RPL27","0.139",,,"0.584",,,"0.635","0.064"
"pp","ISG15 (pp) RPL26","false","pp","ISG15 (pp) RPL26","0.166",,,"0.381",,,"0.476","0.068"
"pp","ISG15 (pp) RPL28","false","pp","ISG15 (pp) RPL28","0.136",,,"0.385",,,"0.445",
"pp","ISG15 (pp) RPLP0","false","pp","ISG15 (pp) RPLP0","0.113",,,"0.364",,,"0.452","0.107"
"pp","ISG15 (pp) RPL30","false","pp","ISG15 (pp) RPL30","0.196",,,"0.548",,,"0.632","0.069"
"pp","ISG15 (pp) RPL35A","false","pp","ISG15 (pp) RPL35A","0.189",,,"0.586",,,"0.655","0.057"
"pp","ISG15 (pp) RPL37A","false","pp","ISG15 (pp) RPL37A","0.225",,,"0.574",,,"0.66","0.053"
"pp","ISG15 (pp) RPL36A","false","pp","ISG15 (pp) RPL36A","0.176",,,"0.382",,,"0.477","0.057"
"pp","ISG15 (pp) MAVS","false","pp","ISG15 (pp) MAVS",,,,"0.132",,,"0.692","0.66"
"pp","ISG15 (pp) RPL9","false","pp","ISG15 (pp) RPL9","0.189",,,"0.375",,,"0.492","0.079"
"pp","ISG15 (pp) RPL17","false","pp","ISG15 (pp) RPL17","0.142",,,"0.376",,,"0.453","0.062"
"pp","ISG15 (pp) RPS18","false","pp","ISG15 (pp) RPS18","0.196",,,"0.583",,,"0.653","0.05"
"pp","ISG15 (pp) RPL31","false","pp","ISG15 (pp) RPL31","0.198",,,"0.567",,,"0.652","0.078"
"pp","ISG15 (pp) RPL14","false","pp","ISG15 (pp) RPL14","0.139",,,"0.302",,,"0.406","0.091"
"pp","ISG15 (pp) RPL24","false","pp","ISG15 (pp) RPL24","0.141",,,"0.574",,,"0.618","0.042"
"pp","ISG15 (pp) RPS6","false","pp","ISG15 (pp) RPS6","0.193",,,"0.355",,,"0.487","0.094"
"pp","RPL35A (pp) RPS10","false","pp","RPL35A (pp) RPS10","0.982",,"0.9","0.991",,,"0.999","0.874"
"pp","RPL35A (pp) RPS5","false","pp","RPL35A (pp) RPS5","0.992",,"0.9","0.976",,,"0.999","0.199"
"pp","RPL35A (pp) RPS19","false","pp","RPL35A (pp) RPS19","0.988",,"0.9","0.992",,,"0.999","0.907"
"pp","RPL35A (pp) RPL27","false","pp","RPL35A (pp) RPL27","0.997",,"0.9","0.992",,,"0.999","0.708"
"pp","RPL35A (pp) RPL26","false","pp","RPL35A (pp) RPL26","0.996",,"0.9","0.96",,,"0.999","0.816"
"pp","RPL35A (pp) RPL28","false","pp","RPL35A (pp) RPL28","0.993",,"0.9","0.804",,,"0.999","0.327"
"pp","RPL35A (pp) RPLP0","false","pp","RPL35A (pp) RPLP0","0.996",,"0.9","0.986",,,"0.999","0.211"
"pp","RPL35A (pp) RPL30","false","pp","RPL35A (pp) RPL30","0.997",,"0.9","0.96",,,"0.999","0.661"
"pp","RPL13 (pp) RPS10","false","pp","RPL13 (pp) RPS10","0.988",,"0.9","0.991",,,"0.999","0.405"
"pp","RPL13 (pp) RPS5","false","pp","RPL13 (pp) RPS5","0.994",,"0.9","0.986",,,"0.999","0.388"
"pp","RPL13 (pp) RPS19","false","pp","RPL13 (pp) RPS19","0.995",,"0.9","0.992",,,"0.999","0.523"
"pp","RPL13 (pp) RPL27","false","pp","RPL13 (pp) RPL27","0.995",,"0.9","0.991",,,"0.999","0.434"
"pp","RPL13 (pp) RPL26","false","pp","RPL13 (pp) RPL26","0.992",,"0.9","0.992",,,"0.999","0.23"
"pp","RPL13 (pp) RPL28","false","pp","RPL13 (pp) RPL28","0.993",,"0.9","0.958",,,"0.999","0.39"
"pp","RPL13 (pp) RPLP0","false","pp","RPL13 (pp) RPLP0","0.996",,"0.9","0.992",,,"0.999","0.413"
"pp","RPL13 (pp) RPL30","false","pp","RPL13 (pp) RPL30","0.993",,"0.9","0.992",,,"0.999","0.227"
"pp","RPL13 (pp) RPL35A","false","pp","RPL13 (pp) RPL35A","0.995",,"0.9","0.991",,,"0.999","0.211"
"pp","RPL13 (pp) RPL37A","false","pp","RPL13 (pp) RPL37A","0.976",,"0.9","0.992",,,"0.999","0.223"
"pp","RPL13 (pp) RPL36A","false","pp","RPL13 (pp) RPL36A","0.762",,"0.9","0.954",,,"0.999","0.333"
"pp","RPL13 (pp) RPL9","false","pp","RPL13 (pp) RPL9","0.993",,"0.9","0.992",,,"0.999","0.218"
"pp","RPL13 (pp) RPL17","false","pp","RPL13 (pp) RPL17","0.981",,"0.9","0.99",,,"0.999","0.328"
"pp","RPL13 (pp) RPS18","false","pp","RPL13 (pp) RPS18","0.993",,"0.9","0.991",,,"0.999","0.091"
"pp","RPL13 (pp) RPL31","false","pp","RPL13 (pp) RPL31","0.993",,"0.9","0.962",,,"0.999","0.166"
"pp","RPL13 (pp) RPL14","false","pp","RPL13 (pp) RPL14","0.994",,"0.9","0.991",,,"0.999","0.445"
"pp","RPL13 (pp) RPL24","false","pp","RPL13 (pp) RPL24","0.969",,"0.9","0.992",,,"0.999","0.47"
"pp","RPL13 (pp) RPS6","false","pp","RPL13 (pp) RPS6","0.995",,"0.9","0.991",,,"0.999","0.502"
"pp","RPL13 (pp) ISG15","false","pp","RPL13 (pp) ISG15","0.177",,,"0.355",,,"0.466","0.075"
"pp","RPL13 (pp) RPL11","false","pp","RPL13 (pp) RPL11","0.995",,"0.9","0.992",,,"0.999","0.26"
"pp","RPL13 (pp) RPL10A","false","pp","RPL13 (pp) RPL10A","0.995",,"0.9","0.991",,,"0.999","0.155"
"pp","RPL13 (pp) RPS4X","false","pp","RPL13 (pp) RPS4X","0.994",,"0.9","0.992",,,"0.999","0.069"
"pp","RPL13 (pp) RPL7A","false","pp","RPL13 (pp) RPL7A","0.997",,"0.9","0.991",,,"0.999","0.403"
"pp","RPL13 (pp) RPL12","false","pp","RPL13 (pp) RPL12","0.996",,"0.9","0.991",,,"0.999","0.173"
"pp","RPL13 (pp) RPS3A","false","pp","RPL13 (pp) RPS3A","0.993",,"0.9","0.992",,,"0.999","0.443"
"pp","RPL13 (pp) RPL21","false","pp","RPL13 (pp) RPL21","0.993",,"0.9","0.994",,,"0.999","0.353"
"pp","RPL13 (pp) RPL27A","false","pp","RPL13 (pp) RPL27A","0.994",,"0.9","0.991",,,"0.999","0.284"
"pp","RPL13 (pp) RPL3","false","pp","RPL13 (pp) RPL3","0.994",,"0.9","0.989",,,"0.999","0.267"
"pp","RPL13 (pp) RPS15A","false","pp","RPL13 (pp) RPS15A","0.992",,"0.9","0.992",,,"0.999","0.22"
"pp","RPS3A (pp) RPS10","false","pp","RPS3A (pp) RPS10","0.996",,"0.9","0.991",,,"0.999","0.594"
"pp","RPS3A (pp) RPS5","false","pp","RPS3A (pp) RPS5","0.994",,"0.9","0.991",,,"0.999","0.667"
"pp","RPS3A (pp) RPS19","false","pp","RPS3A (pp) RPS19","0.995",,"0.9","0.992",,,"0.999","0.668"
"pp","RPS3A (pp) RPL27","false","pp","RPS3A (pp) RPL27","0.997",,"0.9","0.992",,,"0.999","0.488"
"pp","RPS3A (pp) RPL26","false","pp","RPS3A (pp) RPL26","0.998","0.269","0.9","0.992",,,"0.999","0.516"
"pp","RPS3A (pp) RPL28","false","pp","RPS3A (pp) RPL28","0.993",,"0.9","0.959",,,"0.999","0.469"
"pp","RPS3A (pp) RPLP0","false","pp","RPS3A (pp) RPLP0","0.995","0.255","0.9","0.991",,,"0.999","0.311"
"pp","RPS3A (pp) RPL30","false","pp","RPS3A (pp) RPL30","0.995",,"0.9","0.992",,,"0.999","0.689"
"pp","RPS3A (pp) RPL35A","false","pp","RPS3A (pp) RPL35A","0.995",,"0.9","0.992",,,"0.999","0.247"
"pp","RPS3A (pp) RPL37A","false","pp","RPS3A (pp) RPL37A","0.976",,"0.9","0.992",,,"0.999","0.166"
"pp","RPS3A (pp) RPL36A","false","pp","RPS3A (pp) RPL36A","0.81",,"0.9","0.956",,,"0.999","0.57"
"pp","RPS3A (pp) RPL9","false","pp","RPS3A (pp) RPL9","0.998","0.336","0.9","0.991",,,"0.999","0.702"
"pp","RPS3A (pp) RPL17","false","pp","RPS3A (pp) RPL17","0.994",,"0.9","0.989",,,"0.999","0.135"
"pp","RPS3A (pp) RPS18","false","pp","RPS3A (pp) RPS18","0.997",,"0.9","0.992",,,"0.999","0.349"
"pp","RPS3A (pp) RPL31","false","pp","RPS3A (pp) RPL31","0.997",,"0.9","0.963",,,"0.999","0.72"
"pp","RPS3A (pp) RPL14","false","pp","RPS3A (pp) RPL14","0.995",,"0.9","0.992",,,"0.999","0.58"
"pp","RPS3A (pp) RPL24","false","pp","RPS3A (pp) RPL24","0.988",,"0.9","0.992",,,"0.999","0.427"
"pp","RPS3A (pp) RPS6","false","pp","RPS3A (pp) RPS6","0.997",,"0.9","0.992",,,"0.999","0.721"
"pp","RPS3A (pp) ISG15","false","pp","RPS3A (pp) ISG15","0.207",,,"0.569",,,"0.649","0.058"
"pp","RPS3A (pp) RPL11","false","pp","RPS3A (pp) RPL11","0.997",,"0.9","0.992",,,"0.999","0.658"
"pp","RPS3A (pp) RPL10A","false","pp","RPS3A (pp) RPL10A","0.996",,"0.9","0.992",,,"0.999","0.42"
"pp","RPS3A (pp) RPS4X","false","pp","RPS3A (pp) RPS4X","0.997","0.258","0.9","0.992",,,"0.999","0.636"
"pp","RPS3A (pp) RPL7A","false","pp","RPS3A (pp) RPL7A","0.996",,"0.9","0.992",,,"0.999","0.759"
"pp","RPS3A (pp) RPL12","false","pp","RPS3A (pp) RPL12","0.995",,"0.9","0.992",,,"0.999","0.627"
"pp","C5 (pp) CFB","false","pp","C5 (pp) CFB","0.064",,"0.9","0.061",,,"0.946","0.467"
"pp","C5 (pp) C4A","false","pp","C5 (pp) C4A","0.082",,"0.9",,,,"0.924","0.238"
"pp","C5 (pp) F2","false","pp","C5 (pp) F2","0.158",,"0.9","0.05",,,"0.939","0.328"
"pp","C5 (pp) C2","false","pp","C5 (pp) C2","0.063",,"0.9","0.391",,,"0.963","0.437"
"pp","C5 (pp) C3","false","pp","C5 (pp) C3","0.063",,"0.9","0.379",,,"0.947","0.21"
"pp","RPL30 (pp) RPS10","false","pp","RPL30 (pp) RPS10","0.978",,"0.9","0.991",,,"0.999","0.673"
"pp","RPL30 (pp) RPS5","false","pp","RPL30 (pp) RPS5","0.991",,"0.9","0.99",,"0.219","0.999","0.679"
"pp","RPL30 (pp) RPS19","false","pp","RPL30 (pp) RPS19","0.976",,"0.9","0.992",,,"0.999","0.536"
"pp","RPL30 (pp) RPL27","false","pp","RPL30 (pp) RPL27","0.997",,"0.9","0.992",,,"0.999","0.781"
"pp","RPL30 (pp) RPL26","false","pp","RPL30 (pp) RPL26","0.995","0.268","0.9","0.992",,,"0.999","0.729"
"pp","RPL30 (pp) RPL28","false","pp","RPL30 (pp) RPL28","0.992",,"0.9","0.855",,,"0.999","0.7"
"pp","RPL30 (pp) RPLP0","false","pp","RPL30 (pp) RPLP0","0.996",,"0.9","0.992",,,"0.999","0.628"
"pp","MASP1 (pp) C4A","false","pp","MASP1 (pp) C4A","0.104",,"0.9","0.05",,,"0.967","0.668"
"pp","MASP1 (pp) C2","false","pp","MASP1 (pp) C2","0.064",,"0.9","0.294",,,"0.941","0.219"
"pp","RPS18 (pp) RPS10","false","pp","RPS18 (pp) RPS10","0.999",,"0.9","0.991",,,"0.999","0.61"
"pp","RPS18 (pp) RPS5","false","pp","RPS18 (pp) RPS5","0.999",,"0.9","0.987",,"0.219","0.999","0.701"
"pp","RPS18 (pp) RPS19","false","pp","RPS18 (pp) RPS19","0.999",,"0.9","0.967",,,"0.999","0.786"
"pp","RPS18 (pp) RPL27","false","pp","RPS18 (pp) RPL27","0.994",,"0.9","0.992",,"0.185","0.999","0.453"
"pp","RPS18 (pp) RPL26","false","pp","RPS18 (pp) RPL26","0.993",,"0.9","0.992",,"0.185","0.999","0.499"
"pp","RPS18 (pp) RPL28","false","pp","RPS18 (pp) RPL28","0.993",,"0.9","0.836",,,"0.999","0.406"
"pp","RPS18 (pp) RPLP0","false","pp","RPS18 (pp) RPLP0","0.995",,"0.9","0.986",,"0.219","0.999","0.638"
"pp","RPS18 (pp) RPL30","false","pp","RPS18 (pp) RPL30","0.99",,"0.9","0.991",,,"0.999","0.586"
"pp","RPS18 (pp) RPL35A","false","pp","RPS18 (pp) RPL35A","0.992",,"0.9","0.992",,,"0.999","0.205"
"pp","RPS18 (pp) RPL37A","false","pp","RPS18 (pp) RPL37A","0.964",,"0.9","0.992",,,"0.999","0.519"
"pp","RPS18 (pp) RPL36A","false","pp","RPS18 (pp) RPL36A","0.835",,"0.9","0.956",,,"0.999","0.343"
"pp","RPS18 (pp) RPL9","false","pp","RPS18 (pp) RPL9","0.993",,"0.9","0.992",,"0.295","0.999","0.602"
"pp","RPS18 (pp) RPL17","false","pp","RPS18 (pp) RPL17","0.999",,"0.9","0.991",,"0.167","0.999","0.222"
"pp","RPL21 (pp) RPS10","false","pp","RPL21 (pp) RPS10","0.997",,"0.9","0.991",,,"0.999","0.901"
"pp","RPL21 (pp) RPS5","false","pp","RPL21 (pp) RPS5","0.997",,"0.9","0.991",,,"0.999","0.909"
"pp","RPL21 (pp) RPS19","false","pp","RPL21 (pp) RPS19","0.999",,"0.9","0.991",,"0.25","0.999","0.57"
"pp","RPL21 (pp) RPL27","false","pp","RPL21 (pp) RPL27","0.995",,"0.9","0.992",,,"0.999","0.538"
"pp","RPL21 (pp) RPL26","false","pp","RPL21 (pp) RPL26","0.997",,"0.9","0.992",,,"0.999","0.545"
"pp","RPL21 (pp) RPL28","false","pp","RPL21 (pp) RPL28","0.993",,"0.9","0.97",,,"0.999","0.951"
"pp","RPL21 (pp) RPLP0","false","pp","RPL21 (pp) RPLP0","0.992",,"0.9","0.992",,,"0.999","0.443"
"pp","RPL21 (pp) RPL30","false","pp","RPL21 (pp) RPL30","0.993",,"0.9","0.991",,,"0.999","0.463"
"pp","RPL21 (pp) RPL35A","false","pp","RPL21 (pp) RPL35A","0.993",,"0.9","0.992",,,"0.999","0.361"
"pp","RPL21 (pp) RPL37A","false","pp","RPL21 (pp) RPL37A","0.968",,"0.9","0.992",,"0.252","0.999","0.655"
"pp","RPL21 (pp) RPL36A","false","pp","RPL21 (pp) RPL36A","0.776",,"0.9","0.956",,,"0.999","0.575"
"pp","RPL21 (pp) RPL9","false","pp","RPL21 (pp) RPL9","0.997",,"0.9","0.992",,,"0.999","0.777"
"pp","RPL21 (pp) RPL17","false","pp","RPL21 (pp) RPL17","0.999",,"0.9","0.991",,,"0.999","0.223"
"pp","RPL21 (pp) RPS18","false","pp","RPL21 (pp) RPS18","0.999",,"0.9","0.991",,,"0.999","0.163"
"pp","RPL21 (pp) RPL31","false","pp","RPL21 (pp) RPL31","0.996",,"0.9","0.961",,"0.275","0.999","0.742"
"pp","RPL21 (pp) RPL14","false","pp","RPL21 (pp) RPL14","0.992",,"0.9","0.991",,,"0.999","0.682"
"pp","RPL21 (pp) RPL24","false","pp","RPL21 (pp) RPL24","0.99",,"0.9","0.992",,,"0.999","0.698"
"pp","RPL21 (pp) RPS6","false","pp","RPL21 (pp) RPS6","0.996",,"0.9","0.991",,,"0.999","0.567"
"pp","RPL21 (pp) ISG15","false","pp","RPL21 (pp) ISG15","0.201",,,"0.567",,,"0.642","0.05"
"pp","RPL21 (pp) RPL11","false","pp","RPL21 (pp) RPL11","0.995",,"0.9","0.992",,,"0.999","0.59"
"pp","RPL21 (pp) RPL10A","false","pp","RPL21 (pp) RPL10A","0.999",,"0.9","0.992",,,"0.999","0.428"
"pp","RPL21 (pp) RPS4X","false","pp","RPL21 (pp) RPS4X","0.993",,"0.9","0.992",,,"0.999","0.561"
"pp","RPL21 (pp) RPL7A","false","pp","RPL21 (pp) RPL7A","0.993",,"0.9","0.991",,,"0.999","0.534"
"pp","RPL21 (pp) RPL12","false","pp","RPL21 (pp) RPL12","0.992",,"0.9","0.991",,,"0.999","0.719"
"pp","RPL21 (pp) RPS3A","false","pp","RPL21 (pp) RPS3A","0.997",,"0.9","0.992",,"0.287","0.999","0.322"
"pp","F2 (pp) RPS19","false","pp","F2 (pp) RPS19",,,,,,,"0.448","0.448"
"pp","F2 (pp) C4A","false","pp","F2 (pp) C4A","0.153",,,"0.05",,,"0.543","0.477"
"pp","F2 (pp) FGG","false","pp","F2 (pp) FGG","0.811",,"0.9","0.86",,,"0.998","0.645"
"pp","F2 (pp) ADAM17","false","pp","F2 (pp) ADAM17",,,,,,,"0.588","0.588"
"pp","RPL11 (pp) RPS10","false","pp","RPL11 (pp) RPS10","0.997",,"0.9","0.992",,,"0.999","0.818"
"pp","RPL11 (pp) RPS5","false","pp","RPL11 (pp) RPS5","0.996",,"0.9","0.99",,"0.219","0.999","0.694"
"pp","RPL11 (pp) RPS19","false","pp","RPL11 (pp) RPS19","0.996",,"0.9","0.992",,,"0.999","0.897"
"pp","RPL11 (pp) RPL27","false","pp","RPL11 (pp) RPL27","0.997",,"0.9","0.992",,"0.185","0.999","0.575"
"pp","RPL11 (pp) RPL26","false","pp","RPL11 (pp) RPL26","0.997",,"0.9","0.96",,"0.185","0.999","0.865"
"pp","RPL11 (pp) RPL28","false","pp","RPL11 (pp) RPL28","0.991",,"0.9","0.801",,,"0.999","0.623"
"pp","RPL11 (pp) RPLP0","false","pp","RPL11 (pp) RPLP0","0.996",,"0.9","0.99",,"0.219","0.999","0.7"
"pp","RPL11 (pp) RPL30","false","pp","RPL11 (pp) RPL30","0.995",,"0.9","0.992",,,"0.999","0.755"
"pp","RPL11 (pp) RPL35A","false","pp","RPL11 (pp) RPL35A","0.997",,"0.9","0.988",,,"0.999","0.897"
"pp","RPL11 (pp) RPL37A","false","pp","RPL11 (pp) RPL37A","0.974",,"0.9","0.991",,,"0.999","0.626"
"pp","RPL11 (pp) RPL36A","false","pp","RPL11 (pp) RPL36A","0.795",,"0.9","0.956",,,"0.999","0.491"
"pp","RPL11 (pp) RPL9","false","pp","RPL11 (pp) RPL9","0.997","0.205","0.9","0.991",,"0.295","0.999","0.608"
"pp","RPL11 (pp) RPL17","false","pp","RPL11 (pp) RPL17","0.986",,"0.9","0.989",,"0.167","0.999","0.445"
"pp","RPL11 (pp) RPS18","false","pp","RPL11 (pp) RPS18","0.994",,"0.9","0.992",,"0.295","0.999","0.689"
"pp","RPL11 (pp) RPL31","false","pp","RPL11 (pp) RPL31","0.991",,"0.9","0.965",,,"0.999","0.741"
"pp","RPL11 (pp) RPL14","false","pp","RPL11 (pp) RPL14","0.992",,"0.9","0.992",,"0.185","0.999","0.67"
"pp","RPL11 (pp) RPL24","false","pp","RPL11 (pp) RPL24","0.99",,"0.9","0.992",,,"0.999","0.699"
"pp","RPL11 (pp) RPS6","false","pp","RPL11 (pp) RPS6","0.997",,"0.9","0.992",,,"0.999","0.7"
"pp","RPL11 (pp) ISG15","false","pp","RPL11 (pp) ISG15","0.169",,,"0.373",,,"0.482","0.086"
"pp","FGA (pp) CFB","false","pp","FGA (pp) CFB","0.226",,,"0.157",,,"0.526","0.332"
"pp","FGA (pp) C4A","false","pp","FGA (pp) C4A","0.166",,"0.9",,,,"0.938","0.326"
"pp","FGA (pp) FGG","false","pp","FGA (pp) FGG","0.993",,"0.9","0.966",,,"0.999","0.253"
"pp","FGA (pp) F2","false","pp","FGA (pp) F2","0.804",,"0.9","0.937",,,"0.999","0.619"
"pp","RPS4X (pp) RPS10","false","pp","RPS4X (pp) RPS10","0.991",,"0.9","0.999",,,"0.999","0.537"
"pp","RPS4X (pp) RPS5","false","pp","RPS4X (pp) RPS5","0.996",,"0.9","0.999",,,"0.999","0.472"
"pp","RPS4X (pp) RPS19","false","pp","RPS4X (pp) RPS19","0.993",,"0.9","0.998",,,"0.999","0.547"
"pp","RPS4X (pp) RPL27","false","pp","RPS4X (pp) RPL27","0.995",,"0.9","0.989",,"0.163","0.999","0.405"
"pp","RPS4X (pp) RPL26","false","pp","RPS4X (pp) RPL26","0.993","0.375","0.9","0.992",,"0.185","0.999","0.417"
"pp","RPS4X (pp) RPL28","false","pp","RPS4X (pp) RPL28","0.993",,"0.9","0.8",,,"0.999","0.549"
"pp","RPS4X (pp) RPLP0","false","pp","RPS4X (pp) RPLP0","0.997",,"0.9","0.991",,,"0.999","0.189"
"pp","RPS4X (pp) RPL30","false","pp","RPS4X (pp) RPL30","0.995","0.233","0.9","0.992",,,"0.999","0.389"
"pp","RPS4X (pp) RPL35A","false","pp","RPS4X (pp) RPL35A","0.997",,"0.9","0.99",,,"0.999","0.443"
"pp","RPS4X (pp) RPL37A","false","pp","RPS4X (pp) RPL37A","0.967","0.217","0.9","0.991",,,"0.999","0.635"
"pp","RPS4X (pp) RPL36A","false","pp","RPS4X (pp) RPL36A","0.833",,"0.9","0.956",,,"0.999","0.575"
"pp","RPS4X (pp) RPL9","false","pp","RPS4X (pp) RPL9","0.997","0.351","0.9","0.991",,"0.295","0.999","0.485"
"pp","RPS4X (pp) RPL17","false","pp","RPS4X (pp) RPL17","0.984","0.294","0.9","0.99",,"0.167","0.999","0.198"
"pp","RPS4X (pp) RPS18","false","pp","RPS4X (pp) RPS18","0.997",,"0.9","0.998",,,"0.999","0.624"
"pp","RPS4X (pp) RPL31","false","pp","RPS4X (pp) RPL31","0.993",,"0.9","0.965",,,"0.999","0.629"
"pp","RPS4X (pp) RPL14","false","pp","RPS4X (pp) RPL14","0.993",,"0.9","0.992",,"0.163","0.999","0.405"
"pp","RPS4X (pp) RPL24","false","pp","RPS4X (pp) RPL24","0.977",,"0.9","0.992",,,"0.999","0.448"
"pp","RPS4X (pp) RPS6","false","pp","RPS4X (pp) RPS6","0.997",,"0.9","0.998",,,"0.999","0.731"
"pp","RPS4X (pp) ISG15","false","pp","RPS4X (pp) ISG15","0.21",,,"0.38",,,"0.504","0.069"
"pp","RPS4X (pp) RPL11","false","pp","RPS4X (pp) RPL11","0.996",,"0.9","0.991",,"0.295","0.999","0.493"
"pp","RPS4X (pp) RPL10A","false","pp","RPS4X (pp) RPL10A","0.997",,"0.9","0.992",,,"0.999","0.371"
"pp","RPS19 (pp) RPS10","false","pp","RPS19 (pp) RPS10","0.999",,"0.9","0.991",,,"0.999","0.861"
"pp","RPS19 (pp) RPS5","false","pp","RPS19 (pp) RPS5","0.997",,"0.9","0.991",,,"0.999","0.743"
"pp","RPL9 (pp) RPS10","false","pp","RPL9 (pp) RPS10","0.997",,"0.9","0.992",,,"0.999","0.621"
"pp","RPL9 (pp) RPS5","false","pp","RPL9 (pp) RPS5","0.995",,"0.9","0.991",,"0.219","0.999","0.741"
"pp","RPL9 (pp) RPS19","false","pp","RPL9 (pp) RPS19","0.993",,"0.9","0.991",,,"0.999","0.469"
"pp","RPL9 (pp) RPL27","false","pp","RPL9 (pp) RPL27","0.997",,"0.9","0.991",,"0.185","0.999","0.645"
"pp","RPL9 (pp) RPL26","false","pp","RPL9 (pp) RPL26","0.997","0.411","0.9","0.96",,"0.185","0.999","0.552"
"pp","RPL9 (pp) RPL28","false","pp","RPL9 (pp) RPL28","0.993",,"0.9","0.8",,,"0.999","0.526"
"pp","RPL9 (pp) RPLP0","false","pp","RPL9 (pp) RPLP0","0.996",,"0.9","0.99",,"0.219","0.999","0.606"
"pp","RPL9 (pp) RPL30","false","pp","RPL9 (pp) RPL30","0.996",,"0.9","0.992",,,"0.999","0.79"
"pp","RPL9 (pp) RPL35A","false","pp","RPL9 (pp) RPL35A","0.996",,"0.9","0.99",,,"0.999","0.707"
"pp","RPL9 (pp) RPL37A","false","pp","RPL9 (pp) RPL37A","0.942","0.21","0.9","0.991",,,"0.999","0.054"
"pp","RPL9 (pp) RPL36A","false","pp","RPL9 (pp) RPL36A","0.712",,"0.9","0.955",,,"0.999","0.512"
"pp","RPL27 (pp) RPS10","false","pp","RPL27 (pp) RPS10","0.995",,"0.9","0.992",,,"0.999","0.74"
"pp","RPL27 (pp) RPS5","false","pp","RPL27 (pp) RPS5","0.996",,"0.9","0.977",,"0.112","0.999","0.507"
"pp","RPL27 (pp) RPS19","false","pp","RPL27 (pp) RPS19","0.995",,"0.9","0.992",,,"0.999","0.657"
"pp","RPL24 (pp) RPS10","false","pp","RPL24 (pp) RPS10","0.973",,"0.9","0.991",,,"0.999","0.605"
"pp","RPL24 (pp) RPS5","false","pp","RPL24 (pp) RPS5","0.984",,"0.9","0.99",,,"0.999","0.504"
"pp","RPL24 (pp) RPS19","false","pp","RPL24 (pp) RPS19","0.967",,"0.9","0.992",,,"0.999","0.633"
"pp","RPL24 (pp) RPL27","false","pp","RPL24 (pp) RPL27","0.989",,"0.9","0.992",,,"0.999","0.556"
"pp","RPL24 (pp) RPL26","false","pp","RPL24 (pp) RPL26","0.98",,"0.9","0.992",,,"0.999","0.549"
"pp","RPL24 (pp) RPL28","false","pp","RPL24 (pp) RPL28","0.965",,"0.9","0.8",,,"0.999","0.536"
"pp","RPL24 (pp) RPLP0","false","pp","RPL24 (pp) RPLP0","0.977",,"0.9","0.992",,,"0.999","0.408"
"pp","RPL24 (pp) RPL30","false","pp","RPL24 (pp) RPL30","0.987",,"0.9","0.991",,,"0.999","0.712"
"pp","RPL24 (pp) RPL35A","false","pp","RPL24 (pp) RPL35A","0.99",,"0.9","0.992",,,"0.999","0.583"
"pp","RPL24 (pp) RPL37A","false","pp","RPL24 (pp) RPL37A","0.961",,"0.9","0.992",,,"0.999","0.308"
"pp","RPL24 (pp) RPL36A","false","pp","RPL24 (pp) RPL36A","0.758",,"0.9","0.956",,,"0.999","0.356"
"pp","RPL24 (pp) RPL9","false","pp","RPL24 (pp) RPL9","0.991",,"0.9","0.992",,,"0.999","0.741"
"pp","RPL24 (pp) RPL17","false","pp","RPL24 (pp) RPL17","0.892",,"0.9","0.991",,,"0.999","0.208"
"pp","RPL24 (pp) RPS18","false","pp","RPL24 (pp) RPS18","0.974",,"0.9","0.991",,,"0.999","0.404"
"pp","RPL24 (pp) RPL31","false","pp","RPL24 (pp) RPL31","0.978",,"0.9","0.962",,,"0.999","0.668"
"pp","RPL24 (pp) RPL14","false","pp","RPL24 (pp) RPL14","0.971",,"0.9","0.991",,,"0.999","0.677"
"pp","RPL31 (pp) RPS10","false","pp","RPL31 (pp) RPS10","0.978",,"0.9","0.96",,,"0.999","0.722"
"pp","RPL31 (pp) RPS5","false","pp","RPL31 (pp) RPS5","0.98",,"0.9","0.955",,,"0.999","0.686"
"pp","RPL31 (pp) RPS19","false","pp","RPL31 (pp) RPS19","0.992",,"0.9","0.962",,"0.295","0.999","0.712"
"pp","RPL31 (pp) RPL27","false","pp","RPL31 (pp) RPL27","0.997",,"0.9","0.963",,,"0.999","0.787"
"pp","RPL31 (pp) RPL26","false","pp","RPL31 (pp) RPL26","0.998",,"0.9","0.809",,,"0.999","0.801"
"pp","RPL31 (pp) RPL28","false","pp","RPL31 (pp) RPL28","0.993",,"0.9","0.799",,,"0.999","0.73"
"pp","RPL31 (pp) RPLP0","false","pp","RPL31 (pp) RPLP0","0.994",,"0.9","0.956",,"0.219","0.999","0.331"
"pp","RPL31 (pp) RPL30","false","pp","RPL31 (pp) RPL30","0.995",,"0.9","0.962",,,"0.999","0.72"
"pp","RPL31 (pp) RPL35A","false","pp","RPL31 (pp) RPL35A","0.997",,"0.9","0.963",,,"0.999","0.789"
"pp","RPL31 (pp) RPL37A","false","pp","RPL31 (pp) RPL37A","0.98",,"0.9","0.963",,,"0.999","0.638"
"pp","RPL31 (pp) RPL36A","false","pp","RPL31 (pp) RPL36A","0.787",,"0.9","0.792",,,"0.997","0.563"
"pp","RPL31 (pp) RPL9","false","pp","RPL31 (pp) RPL9","0.997",,"0.9","0.964",,,"0.999","0.677"
"pp","RPL31 (pp) RPL17","false","pp","RPL31 (pp) RPL17","0.97",,"0.9","0.953",,,"0.999","0.347"
"pp","RPL31 (pp) RPS18","false","pp","RPL31 (pp) RPS18","0.993",,"0.9","0.962",,,"0.999","0.245"
"pp","RPL28 (pp) RPS10","false","pp","RPL28 (pp) RPS10","0.984",,"0.9","0.796",,,"0.999","0.9"
"pp","RPL28 (pp) RPS5","false","pp","RPL28 (pp) RPS5","0.993",,"0.9","0.799",,,"0.999","0.907"
"pp","RPL28 (pp) RPS19","false","pp","RPL28 (pp) RPS19","0.993",,"0.9","0.954",,,"0.999","0.405"
"pp","RPL28 (pp) RPL27","false","pp","RPL28 (pp) RPL27","0.993",,"0.9","0.831",,,"0.999","0.607"
"pp","RPL28 (pp) RPL26","false","pp","RPL28 (pp) RPL26","0.99",,"0.9","0.778",,,"0.999","0.702"
"pp","RPS23 (pp) RPS10","false","pp","RPS23 (pp) RPS10","0.992",,"0.9","0.991",,,"0.999","0.593"
"pp","RPS23 (pp) RPS5","false","pp","RPS23 (pp) RPS5","0.992",,"0.9","0.991",,"0.167","0.999","0.568"
"pp","RPS23 (pp) RPS19","false","pp","RPS23 (pp) RPS19","0.993",,"0.9","0.992",,,"0.999","0.725"
"pp","RPS23 (pp) RPL27","false","pp","RPS23 (pp) RPL27","0.992",,"0.9","0.992",,"0.11","0.999","0.283"
"pp","RPS23 (pp) RPL26","false","pp","RPS23 (pp) RPL26","0.993",,"0.9","0.96",,"0.135","0.999","0.695"
"pp","RPS23 (pp) RPL28","false","pp","RPS23 (pp) RPL28","0.99",,"0.9","0.973",,,"0.999","0.568"
"pp","RPS23 (pp) RPLP0","false","pp","RPS23 (pp) RPLP0","0.986",,"0.9","0.992",,"0.167","0.999","0.479"
"pp","RPS23 (pp) RPL30","false","pp","RPS23 (pp) RPL30","0.981",,"0.9","0.991",,"0.219","0.999","0.742"
"pp","RPS23 (pp) RPL35A","false","pp","RPS23 (pp) RPL35A","0.991",,"0.9","0.96",,,"0.999","0.316"
"pp","RPS23 (pp) RPL37A","false","pp","RPS23 (pp) RPL37A","0.972",,"0.9","0.992",,,"0.999","0.129"
"pp","RPS23 (pp) RPL36A","false","pp","RPS23 (pp) RPL36A","0.803",,"0.9","0.956",,,"0.999","0.506"
"pp","RPS23 (pp) RPL9","false","pp","RPS23 (pp) RPL9","0.994","0.215","0.9","0.992",,"0.219","0.999","0.694"
"pp","RPS23 (pp) RPL17","false","pp","RPS23 (pp) RPL17","0.982",,"0.9","0.989",,"0.111","0.999","0.173"
"pp","RPS23 (pp) RPS18","false","pp","RPS23 (pp) RPS18","0.993",,"0.9","0.991",,"0.219","0.999","0.777"
"pp","RPS23 (pp) RPL31","false","pp","RPS23 (pp) RPL31","0.988",,"0.9","0.962",,,"0.999","0.532"
"pp","RPS23 (pp) RPL14","false","pp","RPS23 (pp) RPL14","0.983",,"0.9","0.991",,"0.11","0.999","0.652"
"pp","RPS23 (pp) RPL24","false","pp","RPS23 (pp) RPL24","0.959",,"0.9","0.991",,,"0.999","0.32"
"pp","RPS23 (pp) RPS6","false","pp","RPS23 (pp) RPS6","0.997",,"0.9","0.991",,,"0.999","0.734"
"pp","RPS23 (pp) ISG15","false","pp","RPS23 (pp) ISG15","0.148",,,"0.403",,,"0.47","0.042"
"pp","RPS23 (pp) RPL11","false","pp","RPS23 (pp) RPL11","0.994",,"0.9","0.992",,"0.219","0.999","0.729"
"pp","RPS23 (pp) RPL10A","false","pp","RPS23 (pp) RPL10A","0.994",,"0.9","0.992",,"0.167","0.999","0.405"
"pp","RPS23 (pp) RPS4X","false","pp","RPS23 (pp) RPS4X","0.993",,"0.9","0.992",,,"0.999","0.345"
"pp","RPS23 (pp) RPL7A","false","pp","RPS23 (pp) RPL7A","0.993",,"0.9","0.992",,"0.078","0.999","0.576"
"pp","RPS23 (pp) RPL12","false","pp","RPS23 (pp) RPL12","0.992",,"0.9","0.992",,"0.167","0.999","0.444"
"pp","RPS23 (pp) RPS3A","false","pp","RPS23 (pp) RPS3A","0.995",,"0.9","0.992",,,"0.999","0.252"
"pp","RPS23 (pp) RPL21","false","pp","RPS23 (pp) RPL21","0.993",,"0.9","0.991",,,"0.999","0.563"
"pp","RPS23 (pp) RPL27A","false","pp","RPS23 (pp) RPL27A","0.993",,"0.9","0.991",,"0.167","0.999","0.766"
"pp","RPS23 (pp) RPL3","false","pp","RPS23 (pp) RPL3","0.989","0.225","0.9","0.991",,"0.135","0.999","0.66"
"pp","RPS23 (pp) RPS15A","false","pp","RPS23 (pp) RPS15A","0.993",,"0.9","0.992",,"0.167","0.999","0.733"
"pp","RPS23 (pp) RPL13","false","pp","RPS23 (pp) RPL13","0.991",,"0.9","0.991",,,"0.999","0.203"
